id,first_name,last_name,email,gender,data
1,Noak,Avory,navory0@reverbnation.com,Male,2019-01-17T07:50:11Z
2,Jayme,Bolle,jbolle1@slate.com,Female,2019-02-19T08:50:22Z
3,Elli,Horsley,ehorsley2@gravatar.com,Female,2019-01-20T04:03:16Z
4,Hastings,Ashe,hashe3@nymag.com,Male,2019-01-31T12:06:27Z
5,Mabel,Housaman,mhousaman4@miibeian.gov.cn,Female,2019-02-18T05:28:16Z
6,Martica,McGlashan,mmcglashan5@jiathis.com,Female,2018-12-25T06:31:49Z
7,Pooh,Jenking,pjenking6@etsy.com,Male,2019-01-06T04:37:05Z
8,Gery,Wedon,gwedon7@nytimes.com,Male,2019-08-10T02:22:38Z
9,Meara,Mager,mmager8@cbc.ca,Female,2019-03-13T07:37:10Z
10,Candra,Misson,cmisson9@miibeian.gov.cn,Female,2019-08-02T13:02:50Z
11,Ivory,Traynor,itraynora@netvibes.com,Female,2019-10-24T14:37:24Z
12,Melba,Manolov,mmanolovb@mac.com,Female,2019-09-19T16:49:35Z
13,Ryan,Skala,rskalac@earthlink.net,Male,2019-03-01T17:17:00Z
14,Cybil,Moon,cmoond@hibu.com,Female,2019-04-08T16:40:11Z
15,Mac,Haddeston,mhaddestone@pen.io,Male,2019-03-13T02:34:12Z
16,Carena,Belcham,cbelchamf@bluehost.com,Female,2019-06-25T18:45:39Z
17,Papagena,Boyse,pboyseg@pinterest.com,Female,2019-03-17T14:56:01Z
18,Byron,Louis,blouish@weather.com,Male,2019-04-12T18:10:03Z
19,Vidovic,Ibbotson,vibbotsoni@ebay.co.uk,Male,2019-09-12T08:53:41Z
20,Roxy,Shemmin,rshemminj@discuz.net,Female,2019-06-26T05:44:26Z
21,Thomasina,Allbut,tallbutk@blogtalkradio.com,Female,2019-07-01T06:20:43Z
22,Elsa,While,ewhilel@nba.com,Female,2019-08-05T14:31:28Z
23,Lurline,Bonde,lbondem@google.com.br,Female,2018-12-21T20:26:45Z
24,Deena,Stovin,dstovinn@globo.com,Female,2019-07-29T11:25:26Z
25,Jorge,Walles,jwalleso@people.com.cn,Male,2019-04-09T20:38:14Z
26,Torry,Jacobi,tjacobip@artisteer.com,Male,2019-11-13T01:19:52Z
27,Harley,Edinburough,hedinburoughq@cloudflare.com,Female,2019-05-20T05:51:50Z
28,Irina,Quinion,iquinionr@wiley.com,Female,2018-12-14T07:07:14Z
29,Quent,Northcote,qnorthcotes@blog.com,Male,2019-02-18T11:24:24Z
30,Rafaello,Mixture,rmixturet@myspace.com,Male,2019-01-30T23:21:21Z
31,Paton,Fawckner,pfawckneru@cbsnews.com,Male,2019-05-15T21:48:00Z
32,Kareem,Aldis,kaldisv@irs.gov,Male,2019-09-19T06:23:37Z
33,Pearline,Angelo,pangelow@msn.com,Female,2019-02-17T09:14:25Z
34,Lorraine,Olyff,lolyffx@networkadvertising.org,Female,2019-03-15T01:44:16Z
35,Jefferey,Rosthorn,jrosthorny@slashdot.org,Male,2019-05-24T04:46:48Z
36,Roth,Elsmore,relsmorez@nhs.uk,Male,2019-01-24T08:21:18Z
37,Cristy,Skoggings,cskoggings10@wufoo.com,Female,2019-11-07T05:26:08Z
38,Alvan,Larway,alarway11@desdev.cn,Male,2019-04-30T16:56:46Z
39,Deborah,Haddow,dhaddow12@opensource.org,Female,2019-07-29T12:15:08Z
40,Ely,Graeme,egraeme13@live.com,Male,2019-10-03T13:27:04Z
41,Stewart,Shipperbottom,sshipperbottom14@ehow.com,Male,2019-09-10T06:41:07Z
42,Fields,Clarycott,fclarycott15@histats.com,Male,2019-10-25T20:57:30Z
43,Florry,Merriman,fmerriman16@issuu.com,Female,2018-11-26T03:01:39Z
44,Jo-anne,Terran,jterran17@bing.com,Female,2019-05-21T19:19:19Z
45,Rriocard,Pinkard,rpinkard18@ycombinator.com,Male,2019-10-02T07:20:19Z
46,Luce,Ambrosoni,lambrosoni19@sourceforge.net,Female,2019-08-25T20:51:53Z
47,Stace,Windas,swindas1a@geocities.com,Female,2019-02-06T23:38:44Z
48,Wanda,Gemlett,wgemlett1b@auda.org.au,Female,2019-10-24T17:10:12Z
49,Pacorro,Rives,prives1c@purevolume.com,Male,2019-04-05T23:59:54Z
50,Cole,Howcroft,chowcroft1d@taobao.com,Male,2019-11-09T07:16:22Z
51,Ingaberg,Gaythwaite,igaythwaite1e@jalbum.net,Female,2019-09-01T20:30:24Z
52,Buddie,Rigate,brigate1f@ed.gov,Male,2019-06-18T17:40:26Z
53,Tootsie,Teek,tteek1g@bigcartel.com,Female,2019-07-28T21:37:19Z
54,Sinclare,Listone,slistone1h@cbsnews.com,Male,2019-09-13T14:09:02Z
55,Nancee,Langrish,nlangrish1i@domainmarket.com,Female,2019-07-11T04:34:06Z
56,Doyle,Kobpal,dkobpal1j@si.edu,Male,2019-07-20T04:42:49Z
57,Jorey,McWilliam,jmcwilliam1k@sogou.com,Female,2019-04-14T12:31:57Z
58,Darcy,Smurfit,dsmurfit1l@google.fr,Male,2019-11-17T16:04:38Z
59,Marjorie,Napoleon,mnapoleon1m@arstechnica.com,Female,2018-12-30T13:39:57Z
60,Tamra,Cutchee,tcutchee1n@wp.com,Female,2019-02-20T16:05:10Z
61,Roldan,Macveigh,rmacveigh1o@nhs.uk,Male,2019-09-23T14:43:07Z
62,Bernelle,Fuzzey,bfuzzey1p@howstuffworks.com,Female,2019-05-31T04:00:51Z
63,Garvey,Laban,glaban1q@amazon.com,Male,2019-09-28T14:25:58Z
64,Arlana,Basketter,abasketter1r@sogou.com,Female,2019-08-11T07:58:14Z
65,Hally,Keith,hkeith1s@google.fr,Female,2019-02-03T12:57:01Z
66,Omar,Cawthorn,ocawthorn1t@tumblr.com,Male,2019-10-10T17:58:26Z
67,Glennis,MacMenamin,gmacmenamin1u@ted.com,Female,2019-10-09T16:11:53Z
68,Fredia,Sothern,fsothern1v@dell.com,Female,2019-02-13T01:41:41Z
69,Corabella,Biaggi,cbiaggi1w@ning.com,Female,2019-01-16T02:00:53Z
70,Gunter,Yetton,gyetton1x@e-recht24.de,Male,2019-06-11T22:54:16Z
71,Alissa,Witheford,awitheford1y@blogs.com,Female,2019-04-07T04:28:33Z
72,Raeann,Burnyate,rburnyate1z@issuu.com,Female,2019-08-08T02:25:41Z
73,Felicdad,Leyland,fleyland20@goodreads.com,Female,2019-03-29T20:35:59Z
74,Graig,Corry,gcorry21@cbsnews.com,Male,2019-04-29T14:14:35Z
75,Josias,Doxey,jdoxey22@auda.org.au,Male,2019-08-27T00:15:50Z
76,Kelbee,Curnick,kcurnick23@odnoklassniki.ru,Male,2019-02-23T17:49:29Z
77,Trudie,Amsberger,tamsberger24@vistaprint.com,Female,2019-09-22T21:45:07Z
78,Chrissy,Grinvalds,cgrinvalds25@oaic.gov.au,Female,2019-08-20T23:18:46Z
79,Ring,Oluwatoyin,roluwatoyin26@hao123.com,Male,2019-09-29T07:09:25Z
80,Ddene,Yearsley,dyearsley27@arstechnica.com,Female,2019-07-11T00:13:16Z
81,Clarke,Sowter,csowter28@joomla.org,Male,2019-03-07T02:26:55Z
82,Hesther,Gleadle,hgleadle29@woothemes.com,Female,2019-10-22T09:07:24Z
83,Neilla,Norrington,nnorrington2a@hhs.gov,Female,2019-02-19T13:36:28Z
84,Rufus,Ondracek,rondracek2b@gravatar.com,Male,2019-09-04T10:56:48Z
85,Reidar,Skerman,rskerman2c@cdc.gov,Male,2019-04-07T08:03:50Z
86,Courtney,Gerckens,cgerckens2d@newyorker.com,Male,2019-06-29T08:40:49Z
87,Poppy,Kuschke,pkuschke2e@blogspot.com,Female,2019-03-04T14:53:11Z
88,Brande,Swinfon,bswinfon2f@geocities.jp,Female,2018-12-12T03:44:16Z
89,Octavius,Persse,opersse2g@state.gov,Male,2019-01-23T10:58:11Z
90,Moyna,Pikett,mpikett2h@wsj.com,Female,2019-05-28T14:57:03Z
91,Isis,Rugg,irugg2i@yelp.com,Female,2019-06-20T01:02:02Z
92,Harli,Synan,hsynan2j@dion.ne.jp,Female,2019-11-04T19:23:06Z
93,Cordell,Merchant,cmerchant2k@stanford.edu,Male,2019-04-05T23:36:56Z
94,Esma,Chapier,echapier2l@reddit.com,Female,2019-01-20T19:43:06Z
95,Erwin,O' Donohue,eodonohue2m@usatoday.com,Male,2019-07-13T20:09:11Z
96,Barby,McGourty,bmcgourty2n@cdc.gov,Female,2019-05-27T10:57:36Z
97,Corri,Kingdom,ckingdom2o@histats.com,Female,2019-03-10T00:50:15Z
98,Roddy,Greenway,rgreenway2p@chronoengine.com,Male,2019-01-08T21:20:22Z
99,Tootsie,Hugonneau,thugonneau2q@simplemachines.org,Female,2019-06-24T20:09:17Z
100,Fletcher,Plank,fplank2r@cisco.com,Male,2019-03-07T19:15:02Z
