id,first_name,last_name,email,gender,data
1,Niko,Findley,nfindley0@chronoengine.com,Male,2019-09-08T19:13:32Z
2,Esme,Blurton,eblurton1@sitemeter.com,Male,1782-10-09T15:12:33Z
3,Gerri,Gurney,ggurney2@ifeng.com,Male,1945-03-26T21:56:10Z
4,Marris,Janoch,mjanoch3@163.com,Female,1799-06-28T21:30:10Z
5,Lorelle,Luke,lluke4@hexun.com,Female,1793-01-26T07:13:14Z
6,Hervey,Ginity,hginity5@plala.or.jp,Male,1922-05-30T00:56:55Z
7,Jacklin,Wyche,jwyche6@thetimes.co.uk,Female,1806-03-01T03:12:53Z
8,Bonny,Loveguard,bloveguard7@furl.net,Female,1816-10-09T10:29:38Z
9,Genevra,Palia,gpalia8@stanford.edu,Female,1994-11-22T11:01:20Z
10,Paton,Shone,pshone9@ftc.gov,Male,1717-04-05T08:06:30Z
11,Sterne,Hincham,shinchama@ucoz.ru,Male,1923-04-18T01:45:50Z
12,Johanna,Rogeron,jrogeronb@ovh.net,Female,1940-08-29T01:29:20Z
13,Brynna,Maundrell,bmaundrellc@over-blog.com,Female,1860-05-12T02:01:56Z
14,Tibold,Muriel,tmurield@time.com,Male,1853-10-29T20:12:38Z
15,Kienan,Blake,kblakee@mozilla.org,Male,1986-05-29T17:58:28Z
16,Jarrett,Teideman,jteidemanf@drupal.org,Male,1992-05-26T13:37:14Z
17,Darnall,Pehrsson,dpehrssong@wufoo.com,Male,1758-11-16T12:24:39Z
18,Warden,Screeton,wscreetonh@springer.com,Male,1877-08-03T23:40:27Z
19,Vanda,Shickle,vshicklei@dot.gov,Female,1777-01-31T14:43:19Z
20,Harlie,Skillanders,hskillandersj@flickr.com,Female,1927-11-30T00:24:00Z
21,Reggy,Coffey,rcoffeyk@dion.ne.jp,Male,1915-11-11T11:00:18Z
22,Baudoin,Kupisz,bkupiszl@ameblo.jp,Male,1969-11-15T09:59:09Z
23,Morrie,Mickan,mmickanm@answers.com,Male,1805-10-08T14:39:52Z
24,Sandra,Sowman,ssowmann@imgur.com,Female,1763-03-04T13:39:30Z
25,Ora,Fourcade,ofourcadeo@howstuffworks.com,Female,1874-12-21T21:33:52Z
26,Bellanca,Duchesne,bduchesnep@instagram.com,Female,1929-01-20T12:28:53Z
27,Oberon,Slucock,oslucockq@artisteer.com,Male,1840-05-01T06:30:03Z
28,Leonora,Jurczik,ljurczikr@uiuc.edu,Female,1828-09-13T09:57:46Z
29,Alain,Missenden,amissendens@ebay.co.uk,Male,1800-07-25T16:08:40Z
30,Emelyne,Blake,eblaket@weather.com,Female,1748-11-26T09:18:26Z
31,Loralie,Ottam,lottamu@omniture.com,Female,1901-03-23T02:07:59Z
32,Jenifer,Eudall,jeudallv@kickstarter.com,Female,1905-11-19T04:56:33Z
33,Roobbie,Roylance,rroylancew@berkeley.edu,Female,1829-03-14T05:15:57Z
34,Lanette,Haye,lhayex@dyndns.org,Female,1802-05-07T21:54:34Z
35,Bev,Cain,bcainy@amazon.co.jp,Male,1961-08-22T12:26:53Z
36,Dud,Godmar,dgodmarz@e-recht24.de,Male,1849-04-16T11:53:52Z
37,Malcolm,Staig,mstaig10@go.com,Male,1968-04-28T12:37:50Z
38,Rad,Runacres,rrunacres11@yolasite.com,Male,1911-09-23T02:25:06Z
39,Lyndsey,Krop,lkrop12@wordpress.com,Female,1963-05-04T09:16:13Z
40,Anne-corinne,Bucknill,abucknill13@globo.com,Female,2018-01-15T07:35:39Z
41,Emery,Vogelein,evogelein14@com.com,Male,1737-04-30T08:24:05Z
42,Kerrill,Reditt,kreditt15@time.com,Female,1893-08-19T19:36:05Z
43,Lenard,Alvarado,lalvarado16@adobe.com,Male,1979-06-16T00:37:05Z
44,Pavla,Bate,pbate17@ucoz.com,Female,1950-07-26T02:54:37Z
45,Piggy,Achurch,pachurch18@hubpages.com,Male,1934-06-19T04:18:21Z
46,Louella,Dockwra,ldockwra19@tuttocitta.it,Female,2007-11-16T04:05:37Z
47,Emmy,Ansty,eansty1a@php.net,Female,1762-09-30T21:47:42Z
48,Leanor,Shee,lshee1b@biglobe.ne.jp,Female,2013-07-28T11:45:07Z
49,Guthrey,Startin,gstartin1c@usnews.com,Male,1836-12-29T14:46:21Z
50,Barby,Foreman,bforeman1d@trellian.com,Female,1815-02-06T20:39:22Z
51,Tarrance,Paulet,tpaulet1e@theguardian.com,Male,1870-12-27T14:22:57Z
52,Roscoe,McSkeagan,rmcskeagan1f@wix.com,Male,1779-05-13T17:23:22Z
53,Aryn,Manass,amanass1g@buzzfeed.com,Female,1936-07-16T11:06:02Z
54,Chelsae,Record,crecord1h@chron.com,Female,1790-10-12T17:53:19Z
55,Dode,Holtaway,dholtaway1i@acquirethisname.com,Female,1894-06-10T22:17:11Z
56,Ulberto,Cirlos,ucirlos1j@cbsnews.com,Male,2007-02-14T22:35:01Z
57,Orelle,Brookfield,obrookfield1k@independent.co.uk,Female,1894-05-09T22:38:53Z
58,Ezekiel,Camili,ecamili1l@soup.io,Male,1963-06-21T04:06:03Z
59,Patrizio,Brayshaw,pbrayshaw1m@gizmodo.com,Male,1853-06-21T08:08:06Z
60,Vania,Gennerich,vgennerich1n@washington.edu,Female,2018-07-27T11:26:53Z
61,Vern,Clorley,vclorley1o@elpais.com,Male,1734-07-04T08:33:25Z
62,Lalo,Littrell,llittrell1p@uiuc.edu,Male,1889-04-17T00:29:28Z
63,Fanchon,Bertomier,fbertomier1q@hugedomains.com,Female,1983-07-26T00:38:37Z
64,Pennie,Rudolf,prudolf1r@amazon.co.jp,Female,2013-06-04T12:21:00Z
65,Frederica,Phythean,fphythean1s@ehow.com,Female,1983-11-24T00:55:39Z
66,Clive,Arnao,carnao1t@ehow.com,Male,2008-03-11T16:15:43Z
67,Darby,Lorrie,dlorrie1u@nytimes.com,Female,1791-05-06T13:03:44Z
68,Ford,Londesborough,flondesborough1v@go.com,Male,1741-09-01T22:05:20Z
69,Amalea,Favey,afavey1w@wired.com,Female,1791-12-04T09:08:33Z
70,Haven,Knappitt,hknappitt1x@123-reg.co.uk,Male,1924-01-11T02:26:24Z
71,Danyelle,Barwick,dbarwick1y@networksolutions.com,Female,1989-10-01T03:25:32Z
72,Laurice,Grabert,lgrabert1z@oakley.com,Female,1726-12-25T12:05:31Z
73,Anneliese,Grady,agrady20@nasa.gov,Female,1787-09-16T03:09:22Z
74,Janina,Koubu,jkoubu21@cam.ac.uk,Female,1807-09-24T20:44:23Z
75,Carney,Maun,cmaun22@msu.edu,Male,1949-11-19T23:24:10Z
76,Friedrick,Mordaunt,fmordaunt23@imageshack.us,Male,1841-07-30T06:07:54Z
77,Robert,Fealty,rfealty24@instagram.com,Male,1746-05-13T02:25:43Z
78,Debee,Binne,dbinne25@omniture.com,Female,1945-07-12T21:37:08Z
79,Kassi,Shorto,kshorto26@php.net,Female,1890-08-31T03:42:02Z
80,Petr,Fleis,pfleis27@spotify.com,Male,1981-11-09T15:52:24Z
81,Chan,Ashe,cashe28@mediafire.com,Male,1941-02-18T00:20:04Z
82,Colin,Towe,ctowe29@thetimes.co.uk,Male,1980-09-14T06:01:12Z
83,Jannelle,Hurdidge,jhurdidge2a@xinhuanet.com,Female,1836-07-24T10:54:56Z
84,Gasparo,Guislin,gguislin2b@unicef.org,Male,1910-10-31T19:10:46Z
85,Bronny,Millett,bmillett2c@alexa.com,Male,1899-02-07T06:37:32Z
86,Michal,Forman,mforman2d@blogs.com,Male,1717-11-14T07:24:11Z
87,Cecile,Eslemont,ceslemont2e@photobucket.com,Female,1894-10-19T09:07:03Z
88,Lilias,Rambadt,lrambadt2f@usa.gov,Female,1763-09-26T08:20:46Z
89,Dagny,Hawlgarth,dhawlgarth2g@ezinearticles.com,Male,1727-12-09T04:15:32Z
90,Benny,Troker,btroker2h@usatoday.com,Female,1954-03-05T18:58:41Z
91,Jorie,Beaford,jbeaford2i@privacy.gov.au,Female,1868-10-18T14:18:41Z
92,Darrell,Maxwaile,dmaxwaile2j@acquirethisname.com,Male,1757-03-22T20:43:52Z
93,Jazmin,Boyle,jboyle2k@surveymonkey.com,Female,1978-07-23T23:29:10Z
94,Edith,Alenov,ealenov2l@fotki.com,Female,1901-04-18T22:01:58Z
95,Clayton,Boarder,cboarder2m@wikispaces.com,Male,1720-01-09T19:49:18Z
96,Natalie,Botger,nbotger2n@telegraph.co.uk,Female,1906-01-17T20:23:09Z
97,Eimile,Kunert,ekunert2o@google.cn,Female,1896-10-25T07:14:20Z
98,Aldwin,Rubinfajn,arubinfajn2p@baidu.com,Male,1958-01-04T11:07:01Z
99,Bobby,Cordier,bcordier2q@woothemes.com,Female,1943-02-15T15:33:05Z
100,Giusto,Newton,gnewton2r@webs.com,Male,1911-01-15T01:21:38Z
101,Clark,Duerden,cduerden2s@tamu.edu,Male,1943-03-15T20:18:55Z
102,Wilmar,Greetland,wgreetland2t@dropbox.com,Male,1938-03-21T19:47:38Z
103,Timotheus,Pollins,tpollins2u@uol.com.br,Male,1899-03-17T02:31:41Z
104,Stu,Semper,ssemper2v@dailymail.co.uk,Male,1839-07-24T01:42:07Z
105,Zia,Hallows,zhallows2w@theatlantic.com,Female,1794-07-13T21:13:26Z
106,Tobiah,Edson,tedson2x@arizona.edu,Male,1727-01-28T05:28:21Z
107,Melesa,Wastie,mwastie2y@twitter.com,Female,1747-11-02T18:02:44Z
108,Weston,Du Fray,wdufray2z@goodreads.com,Male,1883-12-22T00:03:07Z
109,Deeyn,Griss,dgriss30@dagondesign.com,Female,1878-04-01T00:20:03Z
110,Corbett,McTrustey,cmctrustey31@ning.com,Male,1865-08-10T13:59:02Z
111,Pattin,Castledine,pcastledine32@cmu.edu,Male,2019-06-21T13:10:06Z
112,Tamma,Jopke,tjopke33@booking.com,Female,1764-05-11T01:34:22Z
113,Dacia,O'Tierney,dotierney34@loc.gov,Female,1757-04-18T23:55:26Z
114,Elihu,Rimington,erimington35@usa.gov,Male,1834-06-08T18:04:30Z
115,Andy,Gard,agard36@washington.edu,Male,1720-10-13T07:27:46Z
116,Maurita,Kubis,mkubis37@dion.ne.jp,Female,1897-12-05T00:55:05Z
117,Bartholomeo,Blunsum,bblunsum38@yellowpages.com,Male,1805-05-12T16:55:00Z
118,Bond,Averay,baveray39@de.vu,Male,1855-11-04T11:30:00Z
119,Grantham,Bausmann,gbausmann3a@stanford.edu,Male,1982-06-07T01:01:40Z
120,Moll,Goater,mgoater3b@discovery.com,Female,2006-02-23T03:26:16Z
