id,first_name,last_name,data,email,gender
1,Walton,Jeeks,1990/05/07,wjeeks0@last.fm,Male
2,Antonino,Howitt,1981/06/20,ahowitt1@google.com.au,Male
3,Heath,Hadlow,1939/11/03,hhadlow2@oaic.gov.au,Female
4,Hugh,Maghull,2013/01/19,hmaghull3@usa.gov,Male
5,Stanwood,Gray,1896/01/14,sgray4@nydailynews.com,Male
6,Kareem,Piwell,1957/09/27,kpiwell5@people.com.cn,Male
7,Ernest,Kloss,1826/11/14,ekloss6@telegraph.co.uk,Male
8,Ginni,Prettyjohn,1766/07/13,gprettyjohn7@techcrunch.com,Female
9,Maurits,Daltry,1899/05/02,mdaltry8@example.com,Male
10,Westbrooke,Kender,1967/01/16,wkender9@yolasite.com,Male
11,Nikki,Warrior,1823/12/28,nwarriora@wikimedia.org,Male
12,Cathryn,Drable,1850/07/02,cdrableb@mlb.com,Female
13,Gina,Presnall,1736/01/26,gpresnallc@123-reg.co.uk,Female
14,Yanaton,Zecchi,1840/05/09,yzecchid@drupal.org,Male
15,Ravi,Lambrick,1977/08/24,rlambricke@ezinearticles.com,Male
16,Mick,Lapsley,1830/09/13,mlapsleyf@state.gov,Male
17,Susannah,Antyshev,1719/06/20,santyshevg@pinterest.com,Female
18,Felic,Howgate,1996/09/28,fhowgateh@slideshare.net,Male
19,Solly,Blacklawe,1724/08/05,sblacklawei@weebly.com,Male
20,Marlowe,Haxley,1859/11/21,mhaxleyj@wiley.com,Male
21,Brannon,Alti,1736/07/15,baltik@ebay.co.uk,Male
22,Seline,Coneybeare,1864/05/07,sconeybearel@biglobe.ne.jp,Female
23,Cody,Barker,1981/12/17,cbarkerm@bloomberg.com,Female
24,Lorrin,Demeza,1804/09/28,ldemezan@booking.com,Female
25,Tiffy,Rattray,1988/12/21,trattrayo@123-reg.co.uk,Female
26,Mychal,Edsell,1897/09/20,medsellp@weather.com,Male
27,Talbert,Godley,1916/01/22,tgodleyq@com.com,Male
28,Judah,Nockalls,1917/10/26,jnockallsr@wikipedia.org,Male
29,Pail,Matteoli,1795/07/19,pmatteolis@google.es,Male
30,Paula,Crowden,1987/04/21,pcrowdent@pen.io,Female
31,Lind,D'Aulby,1728/08/02,ldaulbyu@mail.ru,Male
32,Myron,Coupman,1844/08/12,mcoupmanv@utexas.edu,Male
33,Melania,Pyrke,1989/04/02,mpyrkew@tinyurl.com,Female
34,Micheal,Snalham,1966/11/17,msnalhamx@oracle.com,Male
35,Gonzalo,Roobottom,1793/10/04,groobottomy@npr.org,Male
36,Kermit,Guitt,1930/07/26,kguittz@nba.com,Male
37,Ambrosio,Hopfer,1756/09/08,ahopfer10@w3.org,Male
38,Hadleigh,Burton,1737/09/12,hburton11@tinyurl.com,Male
39,Jeanine,McLellan,1958/05/29,jmclellan12@nationalgeographic.com,Female
40,Harmony,Hallworth,1818/04/22,hhallworth13@answers.com,Female
41,Gael,Lapsley,1992/08/13,glapsley14@ovh.net,Male
42,Brion,Cambell,1758/05/05,bcambell15@admin.ch,Male
43,Jaine,Verduin,1888/07/19,jverduin16@macromedia.com,Female
44,Giuseppe,Yesinov,1978/10/11,gyesinov17@ibm.com,Male
45,Rahal,Hardiker,1717/01/22,rhardiker18@usda.gov,Female
46,Brunhilda,Jeary,1989/07/20,bjeary19@acquirethisname.com,Female
47,Gui,Mattiuzzi,1719/04/22,gmattiuzzi1a@feedburner.com,Female
48,Jethro,Deverille,1757/10/17,jdeverille1b@bandcamp.com,Male
49,Lowrance,McInerney,1926/04/30,lmcinerney1c@friendfeed.com,Male
50,Natala,Hooks,2018/06/14,nhooks1d@umn.edu,Female
51,Felicle,Yglesias,1794/07/25,fyglesias1e@gizmodo.com,Female
52,Arlina,Mitchiner,1766/10/12,amitchiner1f@last.fm,Female
53,Constance,Gaddas,1759/09/16,cgaddas1g@blog.com,Female
54,Liana,Blampied,1972/05/03,lblampied1h@cnn.com,Female
55,Jo,Allchorn,1925/04/28,jallchorn1i@salon.com,Female
56,Whitman,Conachy,1734/04/18,wconachy1j@hugedomains.com,Male
57,Bill,Osorio,1903/06/22,bosorio1k@uol.com.br,Female
58,Alex,Farquharson,1940/06/01,afarquharson1l@bbb.org,Male
59,Shaughn,Bloxsome,2014/06/28,sbloxsome1m@over-blog.com,Male
60,Abeu,Fawdrie,1782/03/22,afawdrie1n@digg.com,Male
61,Katinka,Josefs,1964/10/11,kjosefs1o@cmu.edu,Female
62,Dareen,Jelleman,1804/07/06,djelleman1p@foxnews.com,Female
63,Vikky,Ledeker,1942/12/01,vledeker1q@ucla.edu,Female
64,Zachariah,Groome,1967/04/26,zgroome1r@dot.gov,Male
65,Jaymie,Crossan,1896/10/06,jcrossan1s@scientificamerican.com,Male
66,Bailey,Furmston,1842/01/27,bfurmston1t@cloudflare.com,Male
67,Norman,Gorden,1737/03/27,ngorden1u@admin.ch,Male
68,Gram,Milkins,1928/10/13,gmilkins1v@i2i.jp,Male
69,Manda,Mayes,1849/03/07,mmayes1w@nationalgeographic.com,Female
70,Alwyn,Dhillon,1992/08/25,adhillon1x@miibeian.gov.cn,Male
71,Carlyn,Compson,1749/03/24,ccompson1y@people.com.cn,Female
72,Yvette,Howland,1932/12/13,yhowland1z@free.fr,Female
73,Charity,Jozaitis,1735/02/23,cjozaitis20@aol.com,Female
74,Riane,Lomax,2005/05/16,rlomax21@lycos.com,Female
75,Arlin,Olliar,1833/06/24,aolliar22@reverbnation.com,Male
76,Tonnie,Emmines,1982/06/13,temmines23@reuters.com,Male
77,Dore,Donahue,1765/02/11,ddonahue24@ebay.co.uk,Female
78,Rani,Matasov,1993/11/17,rmatasov25@purevolume.com,Female
79,Oswell,MacGibbon,1967/04/28,omacgibbon26@uiuc.edu,Male
80,Emilio,Linfield,1977/01/04,elinfield27@simplemachines.org,Male
81,Maddalena,Haggart,1986/12/02,mhaggart28@xing.com,Female
82,Arabela,Folini,1866/04/26,afolini29@flickr.com,Female
83,Davina,Owens,1752/04/27,dowens2a@shareasale.com,Female
84,Charisse,Pacquet,1987/03/18,cpacquet2b@pagesperso-orange.fr,Female
85,Gilda,Djekovic,1734/09/05,gdjekovic2c@seesaa.net,Female
86,Chaddie,Tunnadine,1750/05/26,ctunnadine2d@intel.com,Male
87,Gwenette,Durrett,1911/03/25,gdurrett2e@g.co,Female
88,Susie,Mowsdell,1838/07/16,smowsdell2f@slate.com,Female
89,Sadie,Winyard,1800/09/21,swinyard2g@booking.com,Female
90,Geno,Croutear,1753/11/25,gcroutear2h@domainmarket.com,Male
91,Isador,Ruddle,1864/09/20,iruddle2i@mediafire.com,Male
92,Becka,Gutteridge,1722/11/03,bgutteridge2j@narod.ru,Female
93,Phillis,Duesberry,1996/06/23,pduesberry2k@eventbrite.com,Female
94,Carlotta,Coles,1799/11/11,ccoles2l@amazon.co.jp,Female
95,Alberta,Patria,1829/03/07,apatria2m@ucla.edu,Female
96,Merrili,Bellworthy,1989/07/29,mbellworthy2n@topsy.com,Female
97,Alyson,Spraberry,1805/06/21,aspraberry2o@blog.com,Female
98,Jammal,Stonnell,1733/06/05,jstonnell2p@yandex.ru,Male
99,Thor,Sore,1888/02/13,tsore2q@bloglines.com,Male
100,Avrom,Spring,1923/10/23,aspring2r@yellowpages.com,Male
101,Grenville,Duck,1730/10/18,gduck2s@indiatimes.com,Male
102,Bellanca,Hessel,1807/10/28,bhessel2t@cocolog-nifty.com,Female
103,Aimee,Lemmers,1749/06/22,alemmers2u@twitpic.com,Female
104,Dal,Van Arsdall,1926/04/29,dvanarsdall2v@ycombinator.com,Male
105,Rafael,Soigne,2016/11/09,rsoigne2w@unblog.fr,Male
106,Leland,Dictus,1974/08/24,ldictus2x@google.co.uk,Male
107,Tobe,Southcombe,1868/10/20,tsouthcombe2y@eventbrite.com,Female
108,Jarred,Frise,1863/11/25,jfrise2z@ovh.net,Male
109,Ham,Wenn,1936/02/21,hwenn30@facebook.com,Male
110,Lemmie,Loadwick,1723/10/08,lloadwick31@soup.io,Male
111,Olivier,Meeron,1913/02/28,omeeron32@parallels.com,Male
112,Wynn,Carcass,1822/04/12,wcarcass33@google.com.hk,Female
113,Marion,Bracher,1931/08/16,mbracher34@homestead.com,Female
114,Art,Murthwaite,1802/09/11,amurthwaite35@newyorker.com,Male
115,Rycca,Shildrick,1755/04/14,rshildrick36@ow.ly,Female
116,Orlando,Grund,1914/12/01,ogrund37@harvard.edu,Male
117,Manfred,Risom,1972/05/09,mrisom38@google.com.hk,Male
118,Vladimir,Mailey,1777/08/18,vmailey39@xinhuanet.com,Male
119,Pavla,Rzehorz,1721/01/30,przehorz3a@java.com,Female
120,Holly,Artin,1987/03/07,hartin3b@soundcloud.com,Male
