id,first_name,last_name,data,email,gender
1,Cory,Gurys,1899/12/17,cgurys0@addthis.com,Female



2,Nita,Kief,1777/11/29,nkief1@toplist.cz,Female

3,Rosalinda,Monnoyer,1755/07/13,rmonnoyer2@eepurl.com,Female





5,Tybalt,Boyall,1868/06/03,tboyall4@geocities.jp,Male





7,Chilton,Hallyburton,1788/09/18,challyburton6@nyu.edu,Male
8,Jo-anne,Durnall,1826/03/03,jdurnall7@cnet.com,Female
9,Jennilee,Busk,1963/07/19,jbusk8@umich.edu,Female


10,Elli,Fitzsymonds,1937/12/10,efitzsymonds9@fotki.com,Female
11,Domenico,Moncey,1940/02/03,dmonceya@wix.com,Male



12,Hetty,Purrier,1752/10/18,hpurrierb@php.net,Female
13,Thacher,Bethell,1722/04/11,tbethellc@huffingtonpost.com,Male



14,Boycie,Marrable,1929/10/21,bmarrabled@joomla.org,Male



15,Alyosha,Jope,1832/05/29,ajopee@blogtalkradio.com,Male
16,Floris,Stoggell,1843/06/06,fstoggellf@jiathis.com,Female
17,Magdalena,Surridge,1846/06/03,msurridgeg@nymag.com,Female
18,Antoine,Gibbins,1931/07/06,agibbinsh@unicef.org,Male



19,Estelle,Ritchman,1995/05/26,eritchmani@ebay.com,Female
20,Even,Lowsely,1923/08/15,elowselyj@ed.gov,Male



21,Pacorro,Barthelemy,1861/09/23,pbarthelemyk@twitpic.com,Male
22,Lester,Ferron,1899/04/19,lferronl@bbb.org,Male
23,Kristo,Babb,1836/09/01,kbabbm@artisteer.com,Male
24,Clement,Dekeyser,1921/04/20,cdekeysern@typepad.com,Male





25,Patricia,Jakov,1940/08/18,pjakovo@si.edu,Female
26,Cory,Oxby,1759/04/09,coxbyp@omniture.com,Female
27,Veradis,Rikel,1759/09/26,vrikelq@ebay.co.uk,Female



28,Goddard,Haggerty,2009/07/15,ghaggertyr@jalbum.net,Male
29,Felicio,Franciottoi,1756/06/10,ffranciottois@wunderground.com,Male
30,Clarinda,Coopman,1916/03/13,ccoopmant@godaddy.com,Female
31,Quinlan,Bohje,1730/03/14,qbohjeu@cnbc.com,Male




32,Allix,Von Der Empten,1952/02/01,avonderemptenv@guardian.co.uk,Female
33,Francesco,Hargess,1830/06/21,fhargessw@furl.net,Male

34,Correna,Sabate,1977/10/29,csabatex@tinypic.com,Female
35,Sidnee,Frayn,1950/01/02,sfrayny@techcrunch.com,Male
36,Braden,Pietron,1851/06/09,bpietronz@abc.net.au,Male
37,Elvyn,Egdale,1895/06/17,eegdale10@amazon.de,Male
38,Irene,Michin,1850/05/26,imichin11@who.int,Female
39,Homerus,Radnage,1783/04/13,hradnage12@admin.ch,Male
40,Dallas,Napoleon,1905/04/21,dnapoleon13@apple.com,Male
41,Clemmie,Durek,1909/05/12,cdurek14@list-manage.com,Female
42,Selia,Chiswell,2008/10/10,schiswell15@uiuc.edu,Female
43,Damian,Gascard,1960/05/20,dgascard16@accuweather.com,Male
44,Jedidiah,Mell,1932/01/24,jmell17@slate.com,Male
45,Hyacinthe,Esgate,1761/06/19,hesgate18@nymag.com,Female
46,Chickie,Applebee,1900/04/04,capplebee19@blogger.com,Female
47,Monti,Wallett,1771/01/18,mwallett1a@boston.com,Male
48,Else,Greaves,1857/08/05,egreaves1b@desdev.cn,Female
49,Cami,McRobb,1853/10/24,cmcrobb1c@goo.ne.jp,Female
50,Kahlil,Bradbury,1909/02/13,kbradbury1d@sitemeter.com,Male
51,Martguerita,Buyers,1959/04/14,mbuyers1e@msn.com,Female
52,Urban,Golton,1717/09/05,ugolton1f@businessweek.com,Male
53,Janifer,Camelli,1874/06/01,jcamelli1g@indiegogo.com,Female
54,Madelene,Nutley,2014/07/08,mnutley1h@mysql.com,Female
55,Harmonie,Shackelton,2006/03/03,hshackelton1i@booking.com,Female
56,Glenden,Zecchetti,1778/08/16,gzecchetti1j@stumbleupon.com,Male
57,Worthy,Smelley,1767/03/04,wsmelley1k@oakley.com,Male
58,Hal,Tucker,1735/03/01,htucker1l@uol.com.br,Male
59,Jeth,Housbie,1761/01/15,jhousbie1m@tripadvisor.com,Male
60,Nicolis,Gutsell,1842/04/15,ngutsell1n@rediff.com,Male
61,Oriana,Blackster,1884/12/21,oblackster1o@mapy.cz,Female
62,Stephine,Origin,1939/11/14,sorigin1p@paypal.com,Female
63,Sterne,Wye,1817/01/23,swye1q@amazon.co.jp,Male
64,Maegan,Amaya,2018/01/16,mamaya1r@plala.or.jp,Female
65,Carmelita,Wardle,1729/02/15,cwardle1s@forbes.com,Female
66,Maurizia,Vellacott,1836/08/30,mvellacott1t@bbb.org,Female
67,Adham,Colisbe,1760/11/05,acolisbe1u@mediafire.com,Male
68,Kirstyn,Sorro,1929/05/09,ksorro1v@nhs.uk,Female
69,Mari,Kiddie,1883/06/30,mkiddie1w@shop-pro.jp,Female
70,Nevile,Sparrowhawk,1759/08/25,nsparrowhawk1x@sakura.ne.jp,Male
71,Artair,Gottschalk,1885/09/03,agottschalk1y@cdc.gov,Male
72,Arvie,Clingan,1732/07/12,aclingan1z@usatoday.com,Male
73,Evyn,Cordy,1759/08/12,ecordy20@harvard.edu,Male
74,Miltie,Izkovitz,1972/01/25,mizkovitz21@behance.net,Male
75,Norma,Darwen,1913/03/13,ndarwen22@sakura.ne.jp,Female
76,Ivory,Sharpling,1971/04/19,isharpling23@sourceforge.net,Female
77,Aguistin,Polly,1948/10/03,apolly24@vkontakte.ru,Male
78,Vanya,Masson,1971/12/21,vmasson25@github.io,Male
79,Dav,Searby,1931/05/31,dsearby26@pagesperso-orange.fr,Male
80,Gasparo,Dourin,1890/02/15,gdourin27@storify.com,Male
81,Gabie,Slevin,1935/02/13,gslevin28@walmart.com,Female
82,Sherwin,Hutfield,1902/05/06,shutfield29@digg.com,Male
83,Rebecca,Urquhart,2017/06/05,rurquhart2a@state.tx.us,Female
84,Chris,Brahan,1953/02/21,cbrahan2b@hubpages.com,Male
85,Elmore,De Gouy,1763/02/19,edegouy2c@dropbox.com,Male
86,Gerhard,Swain,1825/10/19,gswain2d@umn.edu,Male
87,Esme,Ferrant,1983/04/15,eferrant2e@cafepress.com,Female
88,Kenna,Giorgeschi,1925/05/22,kgiorgeschi2f@joomla.org,Female
89,Eve,MacAlaster,1731/08/13,emacalaster2g@stanford.edu,Female
90,Tate,Kaveney,1956/01/06,tkaveney2h@privacy.gov.au,Female
91,Laureen,Conford,1966/03/11,lconford2i@mac.com,Female
92,Karlen,Ybarra,1757/07/11,kybarra2j@behance.net,Female
93,Jermaine,Cardo,1818/01/24,jcardo2k@ycombinator.com,Female
94,Isabella,Velti,1727/07/04,ivelti2l@nps.gov,Female
95,Maggy,Samuels,1923/08/17,msamuels2m@about.me,Female
96,Blane,Hainey,1814/11/25,bhainey2n@trellian.com,Male
97,Lorna,Pimbley,1758/03/30,lpimbley2o@eepurl.com,Female
98,Lydie,Mashro,1743/11/03,lmashro2p@adobe.com,Female
99,Nicky,Tume,1803/03/26,ntume2q@free.fr,Female
100,Renee,Horlick,1866/01/31,rhorlick2r@com.com,Female
101,Marleah,Onthank,1720/07/02,monthank2s@list-manage.com,Female
102,Rogers,Amsden,1727/11/07,ramsden2t@uol.com.br,Male
103,Filide,Bonn,1824/06/07,fbonn2u@yolasite.com,Female
104,Marcelle,Beltzner,1827/06/13,mbeltzner2v@senate.gov,Female
105,Tobye,Tuft,1868/05/03,ttuft2w@multiply.com,Female
106,Alexandr,Bateson,1869/01/13,abateson2x@imgur.com,Male
107,Kristien,Hatchette,1900/09/14,khatchette2y@accuweather.com,Female
108,Cammi,Lambell,2002/01/03,clambell2z@blinklist.com,Female
109,Costa,Standidge,1976/05/13,cstandidge30@zdnet.com,Male
110,Karlyn,Poli,1974/01/18,kpoli31@ed.gov,Female
111,Lonee,Pinniger,1817/12/22,lpinniger32@hatena.ne.jp,Female
112,Killie,Antalffy,1895/07/28,kantalffy33@sogou.com,Male
113,Quill,Wrightem,1999/04/01,qwrightem34@ed.gov,Male
114,Brynne,Duffan,1718/03/29,bduffan35@ebay.com,Female
115,Freddie,Cutcliffe,1946/03/08,fcutcliffe36@oaic.gov.au,Male
116,Alphonse,Dixcee,1846/01/01,adixcee37@psu.edu,Male
117,Hillel,Vaz,2014/01/19,hvaz38@webnode.com,Male
118,Benetta,Tenwick,1931/01/31,btenwick39@wix.com,Female
119,Christoffer,Elbourne,1889/09/19,celbourne3a@webs.com,Male
120,Mona,Lauks,1740/03/12,mlauks3b@comsenz.com,Female
