id,first_name,,ast_name,emailhom,Male,2Z
3,Da,Cockarill,dcocm,Female,207.10.148.225,2019-11-11T07:24:59Z
4,Gearalt,Ti,gtommasetti3@nsw.gov.au,Male,159.75.98.171,2019-04-03T21:09:08Z
5,Berti,Thompkins,bthompkins4@smugmug.com,Female,15.16.33.104,2019-10-14T19:44:05Z
7,Dorrie,Keyho,dkeyho6@uiuc.edu,Female,107.152.29.157,2019-04-06T06:43:47Z
8,Josefina,Napleton,jnapleton7@yellowbook.com,Female,184.32.181.128,2019-06-16T12:49:00Z
9,Hakim,McNickle,hmcnickle8@unesco.org,Male,193.232.11.125,2019-03-27T23:51:53Z
10,Nicky,Gershom,ngershcom,Male,51.133.215.219,2018-12-12T17:57:27Z
